caller_class	caller_method	target_method
Unknown	getPayStatusEnumByStatus	getPayStatus
BeanUtil	toMap	forBeanPropertyAccess
NewBeeMallExceptionHandler	handleException	equalsIgnoreCase
NewBeeMallOrderServiceImpl	saveOrder	getStockNum
UploadController	uploadV2	next
NewBeeMallCategoryServiceImpl	getCategoriesForSearch	singletonList
AdminLoginInterceptor	preHandle	getServletPath
AdminController	nameUpdate	getResult
NewBeeMallOrderServiceImpl	updateOrderInfo	getResult
NewBeeMallOrderServiceImpl	getOrderDetailByOrderNo	getResult
NewBeeMallOrderServiceImpl	paySuccess	getResult
NewBeeMallOrderServiceImpl	finishOrder	intValue
NewBeeMallCarouselServiceImpl	saveCarousel	getResult
NewBeeMallOrderServiceImpl	getMyOrders	groupingBy
BeanUtil	copyList	set
NewBeeMallShoppingCartServiceImpl	saveNewBeeMallCartItem	getResult
Unknown	getNewBeeMallOrderStatusEnumByLevel	getLevel
MD5Util	MD5Encode	digest
NewBeeMallGoodsServiceImpl	saveNewBeeMallGoods	intValue
UploadController	uploadV2	getOriginalFilename
UploadController	uploadV2	nextInt
NeeBeeMallWebMvcConfigurer	addInterceptors	addPathPatterns
NewBeeMallCategoryServiceImpl	updateGoodsCategory	getResult
NewBeeMallGoodsController	edit	singletonList
NewBeeMallCategoryServiceImpl	getCategoriesForIndex	singletonList
SystemUtil	genToken	getInstance
NewBeeMallCategoryServiceImpl	getCategoriesForIndex	groupingBy
PersonalController	login	verify
NewBeeMallExceptionHandler	handleException	addObject
NewBeeMallOrderServiceImpl	checkOut	getResult
NewBeeMallOrderServiceImpl	cancelOrder	singletonList
MD5Util	MD5Encode	getBytes
NewBeeMallGoodsServiceImpl	updateNewBeeMallGoods	intValue
NeeBeeMallWebMvcConfigurer	addResourceHandlers	addResourceLocations
NewBeeMallOrderServiceImpl	checkDone	getResult
BeanUtil	toBean	isWritableProperty
NewBeeMallCategoryServiceImpl	saveCategory	getResult
NewBeeMallGoodsCategoryController	listForSelect	getLevel
OrderController	selectPayType	intValue
Unknown	getPayTypeEnumByType	getPayType
NewBeeMallOrderServiceImpl	getOrderDetailByOrderNo	getNewBeeMallOrderStatusEnumByStatus
OrderController	payOrder	getResult
UploadController	upload	format
NewBeeMallShoppingCartServiceImpl	getMyShoppingCartItems	identity
NewBeeMallShoppingCartServiceImpl	updateNewBeeMallCartItem	getResult
NewBeeMallOrderServiceImpl	recoverStockNum	getResult
UploadController	uploadV2	getInputStream
CommonController	mallKaptcha	createShearCaptcha
NewBeeMallIndexConfigServiceImpl	updateIndexConfig	getResult
NewBeeMallOrderServiceImpl	cancelOrder	getResult
GoodsController	detailPage	getResult
NewBeeMallOrderServiceImpl	getOrderDetailByOrderNo	getPayTypeEnumByType
NewBeeMallCategoryServiceImpl	getCategoriesForSearch	getLevel
NewBeeMallOrderServiceImpl	saveOrder	getGoodsName
NewBeeMallOrderServiceImpl	saveOrder	getResult
NewBeeMallOrderServiceImpl	paySuccess	getPayStatus
PersonalController	register	verify
SystemUtil	genToken	digest
UploadController	uploadV2	getFile
NewBeeMallUserServiceImpl	register	getResult
BeanUtil	toMap	getPropertyValue
NewBeeMallUserServiceImpl	login	getResult
NewBeeMallOrderServiceImpl	finishOrder	getResult
NewBeeMallUtils	getHost	getUserInfo
NewBeeMallExceptionHandler	handleException	getStackTrace
BeanUtil	toMap	isReadableProperty
UploadController	upload	getOriginalFilename
NewBeeMallGoodsServiceImpl	saveNewBeeMallGoods	getResult
NewBeeMallCategoryServiceImpl	getCategoriesForIndex	getLevel
BeanUtil	toMap	getPropertyDescriptors
SystemUtil	genToken	getBytes
Unknown	getNewBeeMallOrderStatusEnumByStatus	getOrderStatus
PageQueryUtil	PageQueryUtil	putAll
ShoppingCartController	updateNewBeeMallShoppingCartItem	getResult
NewBeeMallGoodsCategoryController	save	getResult
UploadController	uploadV2	isMultipart
NewBeeMallOrderServiceImpl	paySuccess	intValue
AdminController	passwordUpdate	getResult
NewBeeMallCarouselServiceImpl	updateCarousel	getResult
NewBeeMallGoodsCategoryController	update	getResult
SystemUtil	genToken	update
OrderController	payOrder	intValue
BeanUtil	toBean	getWrappedInstance
NeeBeeMallWebMvcConfigurer	addInterceptors	excludePathPatterns
NewBeeMallOrderServiceImpl	closeOrder	getResult
NewBeeMallUtils	getHost	getPort
NewBeeMallCarouselController	info	getResult
NewBeeMallGoodsServiceImpl	updateNewBeeMallGoods	getResult
NewBeeMallGoodsServiceImpl	getNewBeeMallGoodsById	getResult
NeeBeeMallWebMvcConfigurer	addInterceptors	addInterceptor
NewBeeMallGoodsServiceImpl	saveNewBeeMallGoods	getLevel
OrderController	selectPayType	getResult
NewBeeMallOrderServiceImpl	getMyOrders	getNewBeeMallOrderStatusEnumByStatus
NewBeeMallGoodsIndexConfigController	indexConfigsPage	getIndexConfigTypeEnumByType
CommonController	defaultKaptcha	createShearCaptcha
BeanUtil	toBean	setPropertyValue
NewBeeMallGoodsCategoryController	listForSelect	getCategoryId
ShoppingCartController	saveNewBeeMallShoppingCartItem	getResult
NewBeeMallOrderServiceImpl	saveOrder	identity
UploadController	upload	getInputStream
NewBeeMallGoodsController	edit	getLevel
UploadController	upload	nextInt
MD5Util	MD5Encode	getInstance
UploadController	uploadV2	hasNext
ShoppingCartController	cartListPage	mapToInt
UploadController	uploadV2	getFileNames
NewBeeMallExceptionHandler	handleException	setViewName
NewBeeMallUtils	getHost	getHost
UploadController	uploadV2	format
NewBeeMallGoodsServiceImpl	updateNewBeeMallGoods	getLevel
SystemUtil	genToken	println
NewBeeMallGoodsCategoryController	listForSelect	singletonList
NewBeeMallIndexConfigServiceImpl	saveIndexConfig	getResult
NeeBeeMallWebMvcConfigurer	addResourceHandlers	addResourceHandler
NewBeeMallOrderServiceImpl	cancelOrder	intValue
